aagandh2,https://tinyurl.com/forensics-sp16-suspect-3,dsHs4I
abdu2,https://tinyurl.com/forensics-sp16-suspect-1,6q8OYH
abohara2,https://tinyurl.com/forensics-sp16-suspect-3,dsHs4I
adzhang2,https://tinyurl.com/forensics-sp16-suspect-3,WumlKB
agodman2,https://tinyurl.com/forensics-sp16-suspect-3,b4Hu4g
aivatur2,https://tinyurl.com/forensics-sp16-suspect-3,zvJvOE
ajmadse2,https://tinyurl.com/forensics-sp16-suspect-1,6q8OYH
akumar18,https://tinyurl.com/forensics-sp16-suspect-1,D0aaz1
alcantr2,https://tinyurl.com/forensics-sp16-suspect-1,21dUSV
andrusk2,https://tinyurl.com/forensics-sp16-suspect-3,b4Hu4g
arvan2,https://tinyurl.com/forensics-sp16-suspect-1,6q8OYH
asabhar2,https://tinyurl.com/forensics-sp16-suspect-3,zvJvOE
asharm52,https://tinyurl.com/forensics-sp16-suspect-1,21dUSV
asrnvsn2,https://tinyurl.com/forensics-sp16-suspect-1,DlGWvT
balagop2,https://tinyurl.com/forensics-sp16-suspect-3,WumlKB
bennyli2,https://tinyurl.com/forensics-sp16-suspect-1,DlGWvT
bhadrad2,https://tinyurl.com/forensics-sp16-suspect-1,21dUSV
blaisde2,https://tinyurl.com/forensics-sp16-suspect-3,J7AkN4
boteng1,https://tinyurl.com/forensics-sp16-suspect-1,21dUSV
bshu2,https://tinyurl.com/forensics-sp16-suspect-1,21dUSV
bwang32,https://tinyurl.com/forensics-sp16-suspect-1,S6HmmW
bwang34,https://tinyurl.com/forensics-sp16-suspect-1,D0aaz1
cebenso2,https://tinyurl.com/forensics-sp16-suspect-3,b4Hu4g
che12,https://tinyurl.com/forensics-sp16-suspect-3,zvJvOE
cheh2,https://tinyurl.com/forensics-sp16-suspect-3,b4Hu4g
cheslow2,https://tinyurl.com/forensics-sp16-suspect-1,D0aaz1
chuan101,https://tinyurl.com/forensics-sp16-suspect-1,21dUSV
chuan102,https://tinyurl.com/forensics-sp16-suspect-1,21dUSV
cjzhang2,https://tinyurl.com/forensics-sp16-suspect-3,zvJvOE
clcolli2,https://tinyurl.com/forensics-sp16-suspect-3,b4Hu4g
cmndrsn2,https://tinyurl.com/forensics-sp16-suspect-3,zvJvOE
coppa2,https://tinyurl.com/forensics-sp16-suspect-1,DlGWvT
crichma2,https://tinyurl.com/forensics-sp16-suspect-1,21dUSV
daneshv2,https://tinyurl.com/forensics-sp16-suspect-3,zvJvOE
delanos2,https://tinyurl.com/forensics-sp16-suspect-1,D0aaz1
desberg2,https://tinyurl.com/forensics-sp16-suspect-1,S6HmmW
dfrei2,https://tinyurl.com/forensics-sp16-suspect-3,zvJvOE
dubey3,https://tinyurl.com/forensics-sp16-suspect-1,S6HmmW
dwlee4,https://tinyurl.com/forensics-sp16-suspect-3,zvJvOE
echen33,https://tinyurl.com/forensics-sp16-suspect-1,6q8OYH
ehrat1,https://tinyurl.com/forensics-sp16-suspect-1,D0aaz1
ejlewis2,https://tinyurl.com/forensics-sp16-suspect-1,D0aaz1
enunez9,https://tinyurl.com/forensics-sp16-suspect-3,WumlKB
ericahn3,https://tinyurl.com/forensics-sp16-suspect-3,J7AkN4
ern2,https://tinyurl.com/forensics-sp16-suspect-1,DlGWvT
fjahan4,https://tinyurl.com/forensics-sp16-suspect-3,J7AkN4
gaknox2,https://tinyurl.com/forensics-sp16-suspect-3,J7AkN4
glfabry2,https://tinyurl.com/forensics-sp16-suspect-1,DlGWvT
goldshe2,https://tinyurl.com/forensics-sp16-suspect-3,WumlKB
gram2,https://tinyurl.com/forensics-sp16-suspect-3,J7AkN4
guntupa2,https://tinyurl.com/forensics-sp16-suspect-1,21dUSV
hchen136,https://tinyurl.com/forensics-sp16-suspect-3,dsHs4I
he34,https://tinyurl.com/forensics-sp16-suspect-1,D0aaz1
higgs2,https://tinyurl.com/forensics-sp16-suspect-1,DlGWvT
hlee339,https://tinyurl.com/forensics-sp16-suspect-1,6q8OYH
hliu82,https://tinyurl.com/forensics-sp16-suspect-3,J7AkN4
hnguye11,https://tinyurl.com/forensics-sp16-suspect-1,21dUSV
hu61,https://tinyurl.com/forensics-sp16-suspect-1,D0aaz1
hungle2,https://tinyurl.com/forensics-sp16-suspect-1,6q8OYH
hzhang97,https://tinyurl.com/forensics-sp16-suspect-1,S6HmmW
jbchuan2,https://tinyurl.com/forensics-sp16-suspect-3,WumlKB
jhoward6,https://tinyurl.com/forensics-sp16-suspect-3,J7AkN4
jhryan3,https://tinyurl.com/forensics-sp16-suspect-3,WumlKB
jianliu4,https://tinyurl.com/forensics-sp16-suspect-1,S6HmmW
jli108,https://tinyurl.com/forensics-sp16-suspect-3,J7AkN4
jloew2,https://tinyurl.com/forensics-sp16-suspect-3,J7AkN4
jqian10,https://tinyurl.com/forensics-sp16-suspect-1,6q8OYH
jshin79,https://tinyurl.com/forensics-sp16-suspect-3,dsHs4I
jwang118,https://tinyurl.com/forensics-sp16-suspect-1,S6HmmW
jyang101,https://tinyurl.com/forensics-sp16-suspect-3,WumlKB
kbala2,https://tinyurl.com/forensics-sp16-suspect-1,D0aaz1
kcperki2,https://tinyurl.com/forensics-sp16-suspect-3,J7AkN4
kger2,https://tinyurl.com/forensics-sp16-suspect-3,dsHs4I
khanuja2,https://tinyurl.com/forensics-sp16-suspect-3,b4Hu4g
kim392,https://tinyurl.com/forensics-sp16-suspect-3,b4Hu4g
klee149,https://tinyurl.com/forensics-sp16-suspect-1,S6HmmW
klfeng2,https://tinyurl.com/forensics-sp16-suspect-3,dsHs4I
klwang3,https://tinyurl.com/forensics-sp16-suspect-3,J7AkN4
kng10,https://tinyurl.com/forensics-sp16-suspect-1,21dUSV
kurtovc2,https://tinyurl.com/forensics-sp16-suspect-3,J7AkN4
kwang40,https://tinyurl.com/forensics-sp16-suspect-1,S6HmmW
liampis2,https://tinyurl.com/forensics-sp16-suspect-1,21dUSV
limwens2,https://tinyurl.com/forensics-sp16-suspect-1,DlGWvT
liu308,https://tinyurl.com/forensics-sp16-suspect-3,WumlKB
lpfung2,https://tinyurl.com/forensics-sp16-suspect-3,WumlKB
mfudali2,https://tinyurl.com/forensics-sp16-suspect-3,WumlKB
mgande2,https://tinyurl.com/forensics-sp16-suspect-1,21dUSV
mgao16,https://tinyurl.com/forensics-sp16-suspect-3,J7AkN4
mhfaust2,https://tinyurl.com/forensics-sp16-suspect-1,21dUSV
michlsn2,https://tinyurl.com/forensics-sp16-suspect-3,zvJvOE
mkim146,https://tinyurl.com/forensics-sp16-suspect-1,S6HmmW
mlchen2,https://tinyurl.com/forensics-sp16-suspect-3,b4Hu4g
mrubens2,https://tinyurl.com/forensics-sp16-suspect-3,J7AkN4
msamawi2,https://tinyurl.com/forensics-sp16-suspect-3,b4Hu4g
myzhang3,https://tinyurl.com/forensics-sp16-suspect-1,S6HmmW
nahikia2,https://tinyurl.com/forensics-sp16-suspect-3,WumlKB
nambudi2,https://tinyurl.com/forensics-sp16-suspect-1,6q8OYH
nanthay2,https://tinyurl.com/forensics-sp16-suspect-3,WumlKB
nkaufma2,https://tinyurl.com/forensics-sp16-suspect-3,J7AkN4
nouredd2,https://tinyurl.com/forensics-sp16-suspect-1,D0aaz1
nprabhu2,https://tinyurl.com/forensics-sp16-suspect-3,dsHs4I
nrsheth2,https://tinyurl.com/forensics-sp16-suspect-1,S6HmmW
osipova2,https://tinyurl.com/forensics-sp16-suspect-1,D0aaz1
ozdogan1,https://tinyurl.com/forensics-sp16-suspect-1,D0aaz1
pandoh2,https://tinyurl.com/forensics-sp16-suspect-3,zvJvOE
pchiu5,https://tinyurl.com/forensics-sp16-suspect-3,J7AkN4
pdey2,https://tinyurl.com/forensics-sp16-suspect-3,WumlKB
perreux2,https://tinyurl.com/forensics-sp16-suspect-3,WumlKB
petrisk2,https://tinyurl.com/forensics-sp16-suspect-1,DlGWvT
potenbe2,https://tinyurl.com/forensics-sp16-suspect-1,S6HmmW
puglies2,https://tinyurl.com/forensics-sp16-suspect-1,D0aaz1
pxzhu2,https://tinyurl.com/forensics-sp16-suspect-3,zvJvOE
rdrgbsb2,https://tinyurl.com/forensics-sp16-suspect-1,D0aaz1
rnconra2,https://tinyurl.com/forensics-sp16-suspect-3,b4Hu4g
rnshen2,https://tinyurl.com/forensics-sp16-suspect-3,dsHs4I
ruian2,https://tinyurl.com/forensics-sp16-suspect-3,zvJvOE
rwang39,https://tinyurl.com/forensics-sp16-suspect-1,S6HmmW
salceda2,https://tinyurl.com/forensics-sp16-suspect-3,dsHs4I
sapato2,https://tinyurl.com/forensics-sp16-suspect-1,D0aaz1
sarahng2,https://tinyurl.com/forensics-sp16-suspect-3,b4Hu4g
sbakshi3,https://tinyurl.com/forensics-sp16-suspect-3,zvJvOE
schellh2,https://tinyurl.com/forensics-sp16-suspect-1,D0aaz1
schiewe2,https://tinyurl.com/forensics-sp16-suspect-3,WumlKB
schunk2,https://tinyurl.com/forensics-sp16-suspect-1,S6HmmW
shaaban2,https://tinyurl.com/forensics-sp16-suspect-1,6q8OYH
showail2,https://tinyurl.com/forensics-sp16-suspect-3,b4Hu4g
silin2,https://tinyurl.com/forensics-sp16-suspect-3,zvJvOE
sjzhang2,https://tinyurl.com/forensics-sp16-suspect-1,D0aaz1
snakard2,https://tinyurl.com/forensics-sp16-suspect-1,S6HmmW
sofroni2,https://tinyurl.com/forensics-sp16-suspect-3,dsHs4I
sokrent2,https://tinyurl.com/forensics-sp16-suspect-3,b4Hu4g
sqiou2,https://tinyurl.com/forensics-sp16-suspect-1,D0aaz1
stibal2,https://tinyurl.com/forensics-sp16-suspect-3,b4Hu4g
tomaras2,https://tinyurl.com/forensics-sp16-suspect-1,6q8OYH
trajend2,https://tinyurl.com/forensics-sp16-suspect-1,S6HmmW
tsheeha2,https://tinyurl.com/forensics-sp16-suspect-1,6q8OYH
txiong3,https://tinyurl.com/forensics-sp16-suspect-1,D0aaz1
tytla2,https://tinyurl.com/forensics-sp16-suspect-3,dsHs4I
varunbk,https://tinyurl.com/forensics-sp16-suspect-1,DlGWvT
vhou2,https://tinyurl.com/forensics-sp16-suspect-3,WumlKB
walek2,https://tinyurl.com/forensics-sp16-suspect-1,6q8OYH
walstad2,https://tinyurl.com/forensics-sp16-suspect-1,S6HmmW
weili12,https://tinyurl.com/forensics-sp16-suspect-1,S6HmmW
weiren2,https://tinyurl.com/forensics-sp16-suspect-3,WumlKB
wwma2,https://tinyurl.com/forensics-sp16-suspect-1,DlGWvT
xhu27,https://tinyurl.com/forensics-sp16-suspect-1,6q8OYH
xli131,https://tinyurl.com/forensics-sp16-suspect-3,zvJvOE
xxiang4,https://tinyurl.com/forensics-sp16-suspect-1,6q8OYH
xzhan160,https://tinyurl.com/forensics-sp16-suspect-1,DlGWvT
yemei2,https://tinyurl.com/forensics-sp16-suspect-3,b4Hu4g
yhuan125,https://tinyurl.com/forensics-sp16-suspect-1,6q8OYH
yifeili3,https://tinyurl.com/forensics-sp16-suspect-3,b4Hu4g
yizhou7,https://tinyurl.com/forensics-sp16-suspect-3,zvJvOE
yjiang71,https://tinyurl.com/forensics-sp16-suspect-3,zvJvOE
ypuri2,https://tinyurl.com/forensics-sp16-suspect-1,6q8OYH
ywei14,https://tinyurl.com/forensics-sp16-suspect-1,21dUSV
zefanxu2,https://tinyurl.com/forensics-sp16-suspect-3,zvJvOE
zhrhode2,https://tinyurl.com/forensics-sp16-suspect-3,J7AkN4
zqsmith2,https://tinyurl.com/forensics-sp16-suspect-1,D0aaz1
zyu15,https://tinyurl.com/forensics-sp16-suspect-3,zvJvOE
